parent,name,line,node
null,s272-1.0,grey,steelblue
s272-1.0,s273-1.0,grey,steelblue
s273-1.0,s274-1.0,grey,steelblue
s273-1.0,s274--1,red,red
s274-1.0,s275-1.0,grey,steelblue
s275-1.0,s276-1.0,grey,steelblue
s276-1.0,s277-1.0,grey,steelblue
s277-1.0,s278-1.0,grey,steelblue
s278-1.0,s279-1.0,grey,steelblue
s279-1.0,s280-1.0,grey,steelblue
s279-1.0,s280--1,red,red
s280-1.0,s281-1.0,grey,steelblue
s280-1.0,s281--1,red,red
s281-1.0,s282-4.0,grey,steelblue
s281-1.0,s282-1.0,grey,steelblue
s281-1.0,s282--1,red,red
s282-1.0,s283-1.0,grey,steelblue
s282-1.0,s283-6.0,grey,steelblue
s282-1.0,s283-10.0,grey,steelblue
s282-4.0,s283-8.0,grey,steelblue
s282-1.0,s283-30.0,grey,steelblue
s282-1.0,s283-7.0,grey,steelblue
s282-1.0,s283--1,red,red
s283-8.0,s284--2.0,red,red
s283-1.0,s284-1.0,grey,steelblue
s283-30.0,s284--2,red,red
s283-6.0,s284-10.0,grey,steelblue
s283-10.0,s284-16.0,grey,steelblue
s283-1.0,s284-4.0,grey,steelblue
s283-30.0,s284-43.0,grey,steelblue
s283-1.0,s284-47.0,grey,steelblue
s283-7.0,s284-11.0,grey,steelblue
s283-1.0,s284-12.0,grey,steelblue
s283-8.0,s284-13.0,grey,steelblue
s283-1.0,s284-22.0,grey,steelblue
s283-1.0,s284-2.0,grey,steelblue
s283-1.0,s284--1,red,red
s284-1.0,s285-1.0,grey,steelblue
s284-4.0,s285-5.0,grey,steelblue
s284-13.0,s285-17.0,grey,steelblue
s284-2.0,s285-2.0,grey,steelblue
s284-43.0,s285-51.0,grey,steelblue
s284-11.0,s285--2,red,red
s284-12.0,s285-14.0,grey,steelblue
s284-16.0,s285-20.0,grey,steelblue
s284-22.0,s285-26.0,grey,steelblue
s284-47.0,s285-55.0,grey,steelblue
s284-10.0,s285-11.0,grey,steelblue
s284-1.0,s285--1,red,red
s285-5.0,s286-7.0,grey,steelblue
s285-1.0,s286--2,red,red
s285-5.0,s286--2,red,red
s285-1.0,s286-87.0,grey,steelblue
s285-51.0,s286-83.0,grey,steelblue
s285-51.0,s286--2,red,red
s285-1.0,s286-1.0,grey,steelblue
s285-1.0,s286-43.0,grey,steelblue
s285-1.0,s286-72.0,grey,steelblue
s285-11.0,s286--2,red,red
s285-1.0,s286-96.0,grey,steelblue
s285-20.0,s286-28.0,grey,steelblue
s285-2.0,s286-3.0,grey,steelblue
s285-17.0,s286-25.0,grey,steelblue
s285-1.0,s286-11.0,grey,steelblue
s285-1.0,s286-48.0,grey,steelblue
s285-55.0,s286-90.0,grey,steelblue
s285-1.0,s286-55.0,grey,steelblue
s285-1.0,s286-35.0,grey,steelblue
s285-1.0,s286-2.0,grey,steelblue
s285-1.0,s286-69.0,grey,steelblue
s285-2.0,s286--1,red,red
s285-14.0,s286-21.0,grey,steelblue
s285-26.0,s286-37.0,grey,steelblue
s285-1.0,s286-56.0,grey,steelblue
s286-69.0,s287-80.0,grey,steelblue
s286-21.0,s287-27.0,grey,steelblue
s286-35.0,s287-98.0,grey,steelblue
s286-28.0,s287-34.0,grey,steelblue
s286-1.0,s287-9.0,grey,steelblue
s286-48.0,s287-55.0,grey,steelblue
s286-1.0,s287-84.0,grey,steelblue
s286-35.0,s287-41.0,grey,steelblue
s286-35.0,s287-71.0,grey,steelblue
s286-1.0,s287-1.0,grey,steelblue
s286-2.0,s287-58.0,grey,steelblue
s286-90.0,s287-111.0,grey,steelblue
s286-2.0,s287-2.0,grey,steelblue
s286-43.0,s287-49.0,grey,steelblue
s286-35.0,s287-99.0,grey,steelblue
s286-87.0,s287--2,red,red
s286-55.0,s287-64.0,grey,steelblue
s286-1.0,s287-88.0,grey,steelblue
s286-2.0,s287-21.0,grey,steelblue
s286-25.0,s287-31.0,grey,steelblue
s286-87.0,s287-107.0,grey,steelblue
s286-83.0,s287--2,red,red
s286-72.0,s287-83.0,grey,steelblue
s286-96.0,s287-117.0,grey,steelblue
s286-2.0,s287-8.0,grey,steelblue
s286-56.0,s287-65.0,grey,steelblue
s286-37.0,s287-43.0,grey,steelblue
s286-56.0,s287-79.0,grey,steelblue
s286-1.0,s287-86.0,grey,steelblue
s286-2.0,s287-61.0,grey,steelblue
s286-7.0,s287-11.0,grey,steelblue
s286-2.0,s287-6.0,grey,steelblue
s286-2.0,s287--1,red,red
s286-83.0,s287-102.0,grey,steelblue
s286-2.0,s287-54.0,grey,steelblue
s286-11.0,s287-15.0,grey,steelblue
s286-3.0,s287-3.0,grey,steelblue
s287-11.0,s288-17.0,grey,steelblue
s287-58.0,s288-73.0,grey,steelblue
s287-65.0,s288-81.0,grey,steelblue
s287-21.0,s288-31.0,grey,steelblue
s287-71.0,s288-88.0,grey,steelblue
s287-79.0,s288-98.0,grey,steelblue
s287-88.0,s288-107.0,grey,steelblue
s287-102.0,s288-124.0,grey,steelblue
s287-80.0,s288-99.0,grey,steelblue
s287-64.0,s288-80.0,grey,steelblue
s287-2.0,s288-27.0,grey,steelblue
s287-54.0,s288-69.0,grey,steelblue
s287-2.0,s288-132.0,grey,steelblue
s287-1.0,s288-1.0,grey,steelblue
s287-61.0,s288-77.0,grey,steelblue
s287-117.0,s288-140.0,grey,steelblue
s287-43.0,s288--2,red,red
s287-2.0,s288-2.0,grey,steelblue
s287-1.0,s288-45.0,grey,steelblue
s287-99.0,s288--2,red,red
s287-11.0,s288--2,red,red
s287-43.0,s288-57.0,grey,steelblue
s287-64.0,s288--2,red,red
s287-55.0,s288-70.0,grey,steelblue
s287-2.0,s288-12.0,grey,steelblue
s287-71.0,s288-90.0,grey,steelblue
s287-41.0,s288-55.0,grey,steelblue
s287-9.0,s288-10.0,grey,steelblue
s287-8.0,s288-9.0,grey,steelblue
s287-11.0,s288-19.0,grey,steelblue
s287-27.0,s288-37.0,grey,steelblue
s287-41.0,s288--2,red,red
s287-107.0,s288-129.0,grey,steelblue
s287-2.0,s288-97.0,grey,steelblue
s287-6.0,s288-6.0,grey,steelblue
s287-31.0,s288-41.0,grey,steelblue
s287-111.0,s288-134.0,grey,steelblue
s287-2.0,s288--2,red,red
s287-49.0,s288-64.0,grey,steelblue
s287-83.0,s288-102.0,grey,steelblue
s287-86.0,s288-105.0,grey,steelblue
s287-98.0,s288-117.0,grey,steelblue
s287-15.0,s288-24.0,grey,steelblue
s287-6.0,s288--1,red,red
s287-34.0,s288-44.0,grey,steelblue
s287-3.0,s288-3.0,grey,steelblue
s287-84.0,s288-103.0,grey,steelblue
s288-31.0,s289-51.0,grey,steelblue
s288-140.0,s289-214.0,grey,steelblue
s288-55.0,s289-178.0,grey,steelblue
s288-80.0,s289-120.0,grey,steelblue
s288-12.0,s289--2,red,red
s288-88.0,s289-131.0,grey,steelblue
s288-69.0,s289--2,red,red
s288-10.0,s289--2,red,red
s288-117.0,s289-131.0,grey,steelblue
s288-27.0,s289--2,red,red
s288-1.0,s289-1.0,grey,steelblue
s288-2.0,s289-2.0,grey,steelblue
s288-102.0,s289-157.0,grey,steelblue
s288-124.0,s289--2,red,red
s288-10.0,s289-17.0,grey,steelblue
s288-64.0,s289--2,red,red
s288-98.0,s289-149.0,grey,steelblue
s288-107.0,s289--2,red,red
s288-2.0,s289-18.0,grey,steelblue
s288-44.0,s289-65.0,grey,steelblue
s288-31.0,s289--2,red,red
s288-77.0,s289-114.0,grey,steelblue
s288-70.0,s289-108.0,grey,steelblue
s288-12.0,s289-20.0,grey,steelblue
s288-2.0,s289--2,red,red
s288-55.0,s289-181.0,grey,steelblue
s288-77.0,s289--2,red,red
s288-1.0,s289--2,red,red
s288-45.0,s289--2,red,red
s288-24.0,s289-37.0,grey,steelblue
s288-70.0,s289-105.0,grey,steelblue
s288-57.0,s289-86.0,grey,steelblue
s288-2.0,s289-79.0,grey,steelblue
s288-97.0,s289-148.0,grey,steelblue
s288-99.0,s289-150.0,grey,steelblue
s288-12.0,s289-23.0,grey,steelblue
s288-41.0,s289-62.0,grey,steelblue
s288-17.0,s289-31.0,grey,steelblue
s288-45.0,s289-66.0,grey,steelblue
s288-55.0,s289-177.0,grey,steelblue
s288-45.0,s289-172.0,grey,steelblue
s288-80.0,s289--2,red,red
s288-64.0,s289-95.0,grey,steelblue
s288-9.0,s289--2,red,red
s288-107.0,s289-157.0,grey,steelblue
s288-2.0,s289-90.0,grey,steelblue
s288-2.0,s289-193.0,grey,steelblue
s288-19.0,s289-29.0,grey,steelblue
s288-105.0,s289--2,red,red
s288-69.0,s289-103.0,grey,steelblue
s288-24.0,s289-35.0,grey,steelblue
s288-81.0,s289-142.0,grey,steelblue
s288-17.0,s289--2,red,red
s288-73.0,s289--2,red,red
s288-73.0,s289-175.0,grey,steelblue
s288-103.0,s289--2,red,red
s288-73.0,s289-110.0,grey,steelblue
s288-6.0,s289-9.0,grey,steelblue
s288-70.0,s289-107.0,grey,steelblue
s288-3.0,s289-7.0,grey,steelblue
s288-31.0,s289-59.0,grey,steelblue
s288-2.0,s289-68.0,grey,steelblue
s288-124.0,s289-197.0,grey,steelblue
s288-37.0,s289-58.0,grey,steelblue
s288-90.0,s289--2,red,red
s288-2.0,s289-74.0,grey,steelblue
s288-9.0,s289-14.0,grey,steelblue
s288-132.0,s289-206.0,grey,steelblue
s288-140.0,s289--2,red,red
s288-2.0,s289-43.0,grey,steelblue
s288-2.0,s289-67.0,grey,steelblue
s288-55.0,s289--2,red,red
s288-99.0,s289--2,red,red
s288-117.0,s289--2,red,red
s288-81.0,s289--2,red,red
s288-88.0,s289--2,red,red
s288-134.0,s289-208.0,grey,steelblue
s288-17.0,s289-26.0,grey,steelblue
s288-2.0,s289-195.0,grey,steelblue
s288-27.0,s289-45.0,grey,steelblue
s288-102.0,s289-155.0,grey,steelblue
s288-55.0,s289-183.0,grey,steelblue
s288-129.0,s289-203.0,grey,steelblue
s288-24.0,s289--2,red,red
s288-6.0,s289--1,red,red
s288-64.0,s289-102.0,grey,steelblue
s289-193.0,s290-202.0,grey,steelblue
s289-86.0,s290-91.0,grey,steelblue
s289-79.0,s290-171.0,grey,steelblue
s289-214.0,s290-226.0,grey,steelblue
s289-65.0,s290-69.0,grey,steelblue
s289-35.0,s290-37.0,grey,steelblue
s289-68.0,s290-72.0,grey,steelblue
s289-67.0,s290-71.0,grey,steelblue
s289-102.0,s290-107.0,grey,steelblue
s289-90.0,s290-95.0,grey,steelblue
s289-120.0,s290-125.0,grey,steelblue
s289-67.0,s290-78.0,grey,steelblue
s289-114.0,s290-119.0,grey,steelblue
s289-1.0,s290-1.0,grey,steelblue
s289-79.0,s290--2,red,red
s289-208.0,s290-217.0,grey,steelblue
s289-131.0,s290--2,red,red
s289-7.0,s290-8.0,grey,steelblue
s289-14.0,s290-15.0,grey,steelblue
s289-2.0,s290-2.0,grey,steelblue
s289-131.0,s290-136.0,grey,steelblue
s289-155.0,s290-160.0,grey,steelblue
s289-107.0,s290-112.0,grey,steelblue
s289-20.0,s290-21.0,grey,steelblue
s289-43.0,s290--2,red,red
s289-45.0,s290--2,red,red
s289-29.0,s290-31.0,grey,steelblue
s289-181.0,s290--2,red,red
s289-20.0,s290-22.0,grey,steelblue
s289-108.0,s290-113.0,grey,steelblue
s289-59.0,s290-62.0,grey,steelblue
s289-105.0,s290-110.0,grey,steelblue
s289-148.0,s290-153.0,grey,steelblue
s289-175.0,s290-182.0,grey,steelblue
s289-62.0,s290-66.0,grey,steelblue
s289-74.0,s290-79.0,grey,steelblue
s289-178.0,s290-186.0,grey,steelblue
s289-58.0,s290--2,red,red
s289-172.0,s290-178.0,grey,steelblue
s289-181.0,s290-189.0,grey,steelblue
s289-9.0,s290-10.0,grey,steelblue
s289-183.0,s290-191.0,grey,steelblue
s289-203.0,s290-212.0,grey,steelblue
s289-110.0,s290-115.0,grey,steelblue
s289-157.0,s290-162.0,grey,steelblue
s289-172.0,s290--2,red,red
s289-177.0,s290-185.0,grey,steelblue
s289-195.0,s290-204.0,grey,steelblue
s289-31.0,s290-33.0,grey,steelblue
s289-175.0,s290--2,red,red
s289-43.0,s290-45.0,grey,steelblue
s289-150.0,s290-155.0,grey,steelblue
s289-17.0,s290-18.0,grey,steelblue
s289-18.0,s290-19.0,grey,steelblue
s289-66.0,s290-70.0,grey,steelblue
s289-45.0,s290-47.0,grey,steelblue
s289-2.0,s290--1,red,red
s289-51.0,s290-54.0,grey,steelblue
s289-95.0,s290-100.0,grey,steelblue
s289-103.0,s290-108.0,grey,steelblue
s289-197.0,s290-206.0,grey,steelblue
s289-26.0,s290-28.0,grey,steelblue
s289-23.0,s290-25.0,grey,steelblue
s289-206.0,s290-215.0,grey,steelblue
s289-149.0,s290-154.0,grey,steelblue
s289-37.0,s290-39.0,grey,steelblue
s289-142.0,s290-147.0,grey,steelblue
